"","mRNA","protein"
"HO",0.38937730247493,0.327706752035442
"RPG1",0.385489855089731,0.448534627691547
"FUN12",0.511527120261149,0.423094920983933
