"","mRNA","protein"
"HO",0.0240796560038697,0.0016304023983884
"RPG1",0.0577115763543495,0.0220323726882599
"FUN12",0.163667524299752,0.0123538885681746
